"","(Intercept)"
"2009_103",1.81868758620962
"2009_111",-5.64254928034243
"2009_113",-0.888231744775054
"2009_119",-2.65975871892933
"2009_12",6.29743059144707
"2009_120",-1.75287018212192
"2009_127",5.04616901608716
"2009_13",-7.20797031273451
"2009_130",3.43562132026576
"2009_135",-0.0545089588371368
"2009_142",5.64894069197739
"2009_145",5.71027397360729
"2009_147",-6.49817353473947
"2009_150",1.74937471307426
"2009_151",1.88074332588569
"2009_152",5.77067988628453
"2009_153",0.0871414358827196
"2009_154",1.78251459735088
"2009_155",-1.50237606645239
"2009_158",1.51206799139216
"2009_16",-8.79021142152941
"2009_160",-1.02244367496422
"2009_164",1.3316240095841
"2009_166",-13.1803661174014
"2009_167",-6.84674991801222
"2009_183",-1.56725003830592
"2009_189",1.22760986870651
"2009_193",-6.25770339192831
"2009_194",4.16258343049952
"2009_195",0.0394190832934973
"2009_197",4.00184193831466
"2009_2",8.58712453325932
"2009_2005",1.89970649025896
"2009_2006",-4.74719806726809
"2009_201",6.92375103865663
"2009_2016",-10.2942807961876
"2009_202",0.626160820828265
"2009_2026",1.76164048744909
"2009_2032",-4.51393489737406
"2009_204",7.63841877274931
"2009_2050",-7.16941664877645
"2009_2084",-1.30152716454608
"2009_21",-2.25640210556174
"2009_2110",-3.62104288395609
"2009_2116",-0.915002346763145
"2009_2117",6.1786359964927
"2009_2127",-5.93849688179904
"2009_213",3.59109695077634
"2009_2132",13.4192955310131
"2009_2169",-6.56407015648293
"2009_218",4.58585603603963
"2009_2197",-2.93316047136128
"2009_2198",-5.77906259483222
"2009_2199",-8.13130726544605
"2009_221",8.31545524567678
"2009_2210",-4.61028911498471
"2009_2226",0.622412773217974
"2009_2229",-2.78896960873277
"2009_2241",-4.50014521386297
"2009_227",-3.88559612081186
"2009_2275",-5.33562266849
"2009_228",7.73671545842719
"2009_2287",-2.57720508871856
"2009_2294",0.314532246350276
"2009_2296",-4.4024531640058
"2009_23",-10.0024640640775
"2009_2305",6.15999788547497
"2009_2306",0.167388034767515
"2009_2309",-6.173903345076
"2009_231",0.220151360595443
"2009_2335",1.08158352938938
"2009_2348",0.384677760489007
"2009_235",-2.46501597115061
"2009_236",-2.49853211529949
"2009_2377",-0.0862683876493942
"2009_238",-6.57557843167557
"2009_239",-1.07238669692694
"2009_2390",9.48346990497098
"2009_2393",1.585012771871
"2009_24",10.8396326830002
"2009_2400",-7.75280868654916
"2009_2415",-9.12556779149643
"2009_242",-6.21777152851786
"2009_2426",1.74523606261745
"2009_2428",-3.33240944801352
"2009_2433",-2.29887988320514
"2009_2439",-0.234482589202329
"2009_2440",11.7616720767336
"2009_2447",-5.25685344105741
"2009_2449",-1.18700534346964
"2009_245",8.79767515273163
"2009_2458",-6.9228080011993
"2009_2459",2.09254459428545
"2009_2460",1.06105448810737
"2009_2464",-0.809690438981701
"2009_2466",-7.00805625963995
"2009_248",14.1500391416654
"2009_2483",12.6433114697454
"2009_249",-0.810202849530629
"2009_25",4.28172378137389
"2009_2502",-4.03824029635225
"2009_2504",-2.70526404634099
"2009_2509",2.55832287888002
"2009_251",15.756749956523
"2009_252",8.20084435536216
"2009_253",-0.632069665821896
"2009_2534",-7.27040572276486
"2009_2535",2.25611996919098
"2009_254",3.30553138398733
"2009_2545",-3.31333323589398
"2009_2546",-5.0712776606316
"2009_256",3.32250721481744
"2009_2567",0.0829991779869435
"2009_2569",-0.305398162424093
"2009_257",0.222479170374615
"2009_2571",-2.68767300683569
"2009_2572",5.15522934480638
"2009_2579",-0.633258723166674
"2009_258",-1.77341616996411
"2009_2582",-3.13326051280574
"2009_259",9.2680903702668
"2009_26",-1.81210687113677
"2009_2617",-1.05385143994983
"2009_2623",-3.71316059283598
"2009_2628",13.0429733495533
"2009_2630",-5.57858271288486
"2009_2633",6.77642178884701
"2009_2635",-8.6871584007939
"2009_2638",1.51525884913773
"2009_264",2.32954615340566
"2009_2640",-10.6028910726943
"2009_2641",10.768994850209
"2009_2643",-2.10149420521506
"2009_2649",2.96534467687147
"2009_265",-9.50375336036215
"2009_2653",4.53168736854887
"2009_2655",-9.23494189604431
"2009_2678",-1.72696948865588
"2009_2692",-0.680762356861531
"2009_2710",-4.436404145425
"2009_2711",-2.19834118453238
"2009_2729",2.2061407950966
"2009_2747",-4.02458116875249
"2009_275",6.95678012593421
"2009_2751",-6.78398865982895
"2009_2754",-4.7057464389863
"2009_2755",-3.74451496108805
"2009_276",-3.78261108154463
"2009_277",2.88500371836342
"2009_278",7.19742850435849
"2009_282",-3.81666252834291
"2009_290",-0.0424126061376465
"2009_30",3.25251578331199
"2009_302",-6.00413799839533
"2009_304",-5.98454532337177
"2009_309",-4.27302735825359
"2009_311",0.0228813893197277
"2009_324",-9.0569178610794
"2009_326",3.23174252272472
"2009_328",2.33633806186092
"2009_331",-4.77035946081154
"2009_333",7.79671397213922
"2009_344",3.46491808054979
"2009_349",-9.66219239022701
"2009_356",0.469450688747582
"2009_36",-3.35497263068566
"2009_38",-0.59221458512568
"2009_41",8.84196077489275
"2009_47",-3.28444965537848
"2009_48",-0.0650955359557254
"2009_5",-0.366637842628309
"2009_50",-0.386893585239843
"2009_52",7.99342413797628
"2009_55",-4.48266201232364
"2009_57",9.28775684989844
"2009_58",0.736415153552313
"2009_59",12.5534632193313
"2009_61",5.57197346036299
"2009_62",-3.03332453003091
"2009_66",-1.78644610388778
"2009_68",14.239181876115
"2009_70",4.7518662424359
"2009_77",-0.779392261200447
"2009_79",2.10896603414975
"2009_8",12.7275908000443
"2009_84",0.636840387214927
"2009_87",4.5189744165681
"2009_9",-2.43685644231564
"2009_93",-6.97806541769512
"2009_96",3.79985534551574
"2009_97",-3.77106347673505
"2009_98",-5.41057758399489
"2009_99",2.43541658738465
"2010_103",-5.11596985458732
"2010_113",2.99164793148255
"2010_119",-4.30004255418958
"2010_12",5.71266578561979
"2010_120",5.60340073421242
"2010_127",4.9007399209479
"2010_13",-2.64954417395515
"2010_130",9.62465918922837
"2010_135",-0.0938120713961156
"2010_142",3.49649519644143
"2010_145",4.66831753035944
"2010_147",-1.62895860723642
"2010_150",1.85304957162654
"2010_151",10.2043196781358
"2010_152",7.4174942936845
"2010_153",0.945089750751206
"2010_154",-0.362253372198563
"2010_155",-7.15747397370368
"2010_158",6.82661842048763
"2010_16",1.35083566829586
"2010_160",-0.365219355018936
"2010_164",-2.95200272014964
"2010_166",-9.51222983927438
"2010_167",-8.31373575212593
"2010_183",-3.99904786922981
"2010_189",-5.6343441423855
"2010_193",-5.79230554172533
"2010_194",10.8048648670633
"2010_195",-2.24248396562849
"2010_197",15.7688747861212
"2010_2",16.6851082625797
"2010_2005",4.80821370316438
"2010_2006",-9.92046741771005
"2010_201",11.1929903329397
"2010_2016",0.424396710962935
"2010_202",7.82932519270585
"2010_2026",-2.75065039258973
"2010_2029",-5.17608941879143
"2010_2032",2.05976839721282
"2010_204",3.52408002874727
"2010_2046",-2.46134336327411
"2010_2050",-5.06386718495269
"2010_2084",-12.1917335214629
"2010_21",6.64016744211748
"2010_2110",-4.2540893858819
"2010_2116",3.21441382471133
"2010_2117",-2.39801354161
"2010_2127",-4.53257559113007
"2010_213",0.0468562751002186
"2010_2132",3.77264234496621
"2010_218",-1.52661909710776
"2010_2197",-2.09433293449672
"2010_2198",-1.52415032267818
"2010_2199",-6.07360871742408
"2010_221",3.28970283152409
"2010_2210",-1.10537236072996
"2010_222",1.37629516697391
"2010_2226",-9.35073156250544
"2010_2229",2.04065642218117
"2010_2241",1.72691944293743
"2010_2247",-1.16932928458262
"2010_2261",-8.19427081402502
"2010_227",-9.40810251781637
"2010_228",-0.393777395993824
"2010_2294",2.94873821924196
"2010_23",-7.26206967672387
"2010_2305",-7.03109904961043
"2010_2306",7.53835461844698
"2010_2309",-5.95218061751508
"2010_231",1.01883564396996
"2010_233",1.35330758882103
"2010_2335",-1.04779945886203
"2010_2348",0.967927129499181
"2010_235",-11.2380089301093
"2010_236",1.61904028213985
"2010_2377",-1.47646872227463
"2010_238",-7.67422999917227
"2010_239",6.05126462045489
"2010_2390",4.25658172013239
"2010_2393",-3.52555302703705
"2010_24",14.7523869083987
"2010_2415",-5.72932370643619
"2010_242",-0.258093229373512
"2010_2426",3.46058402717074
"2010_2433",-6.99203406753279
"2010_2439",-4.70151778085401
"2010_2440",13.4656203246333
"2010_2447",-8.19132978176613
"2010_2449",-7.85920728491397
"2010_245",5.67483758431102
"2010_2450",-8.46918824032295
"2010_2458",-3.73753905014431
"2010_2459",8.21865786136659
"2010_2460",-8.2900797786637
"2010_2464",0.551518682913031
"2010_2466",0.531403899009422
"2010_248",7.62815344616813
"2010_2483",21.3033373437675
"2010_249",-3.12945116807726
"2010_25",2.11519745135566
"2010_2502",-6.33227950947956
"2010_2504",-7.09862982335017
"2010_2506",-2.47786163886869
"2010_2509",-5.45645722070731
"2010_251",-2.3565028599771
"2010_252",-1.90118742347921
"2010_253",-5.7770460892075
"2010_2534",-7.58712610028484
"2010_2535",-3.6214804610195
"2010_254",8.40699986589906
"2010_2545",-5.2330558711684
"2010_2546",-6.91461162852187
"2010_256",2.16478607635562
"2010_2567",-1.49607390980709
"2010_2569",-4.37133466193482
"2010_257",-4.06978773489212
"2010_2571",-3.86038210005166
"2010_2572",6.09799346132775
"2010_2579",7.33810547958647
"2010_258",-0.00869697716653508
"2010_259",9.55339019119814
"2010_26",-2.06440989053615
"2010_2617",-2.99951853739966
"2010_2619",-1.60491691356474
"2010_2623",-0.253882412150748
"2010_2628",13.6835065648631
"2010_2630",-6.95302923362552
"2010_2633",1.58807562187813
"2010_2635",-5.27074909526093
"2010_2638",-5.50713107308756
"2010_264",1.37658138253276
"2010_2640",-5.75088932381697
"2010_2641",4.8740289720115
"2010_2643",-3.56326318847409
"2010_2649",0.616584457670356
"2010_265",-1.81617362866885
"2010_2653",2.93654598260511
"2010_2655",-3.04999169020422
"2010_2678",-8.77188894330921
"2010_2692",-1.51152649271987
"2010_2710",-0.844116393630653
"2010_2711",2.93363347191891
"2010_2717",-3.86319476785059
"2010_2729",-0.273831247175887
"2010_2747",-4.5525331644308
"2010_275",13.7508774595205
"2010_2751",-4.99275735037113
"2010_2754",-1.69195883424623
"2010_2755",-7.41702199079691
"2010_276",-5.94981228572401
"2010_277",2.08774382920119
"2010_278",3.06207099924881
"2010_282",-6.23751780630585
"2010_290",-4.17661513379199
"2010_30",7.74036155621563
"2010_302",-6.92575231985537
"2010_304",-5.78402185613359
"2010_309",-5.61233876196736
"2010_311",-1.4567641494574
"2010_324",-4.35992779187007
"2010_326",-0.477185465701515
"2010_328",-3.14845638735451
"2010_331",1.28419745288194
"2010_333",8.67029757704214
"2010_344",0.909363227414863
"2010_349",0.485969034657476
"2010_356",6.42776405014146
"2010_36",-7.72342528723233
"2010_38",0.0709485046218423
"2010_41",1.67721350411012
"2010_5",-2.08647038907326
"2010_50",-5.38650994860115
"2010_52",8.12529827066642
"2010_55",6.93159824560045
"2010_57",5.96947760793624
"2010_58",-1.08134071119618
"2010_59",2.39481061966812
"2010_61",7.92418220050815
"2010_62",9.93662302059008
"2010_66",-1.44702810687444
"2010_68",17.1761538903555
"2010_70",1.4494024334627
"2010_77",-0.681901609756812
"2010_79",-5.93267469406273
"2010_8",12.0608933675281
"2010_84",0.702324111780254
"2010_87",1.6531391859282
"2010_9",7.78098122558682
"2010_96",6.10412054959422
"2010_97",0.887397184832954
"2010_98",-4.12474280030982
"2010_99",5.091708181515
"2011_103",-5.62334715359797
"2011_113",-0.980398753442095
"2011_119",-9.24996988396766
"2011_12",5.1118461043678
"2011_120",-0.322315343445345
"2011_127",5.00590417565998
"2011_13",0.341627019104778
"2011_130",8.77587708641166
"2011_135",-4.46520843441653
"2011_142",4.74004841426346
"2011_145",-5.69461270650026
"2011_147",-2.11245245468974
"2011_150",-0.994964822524299
"2011_151",-0.407640780870296
"2011_152",1.26665586382951
"2011_153",2.94096111746885
"2011_154",1.94790897636368
"2011_155",-6.17573838116033
"2011_158",5.3899675613011
"2011_16",2.27710060710764
"2011_160",-1.80957413714554
"2011_164",0.592463135744783
"2011_166",-1.35283559432812
"2011_167",-14.4876376241004
"2011_183",-0.65049387480756
"2011_189",-0.94032154051111
"2011_193",-4.41492119195515
"2011_194",0.439271624126937
"2011_195",2.46404123250745
"2011_197",20.0198007032206
"2011_2",1.23935907011087
"2011_2005",4.69285138603716
"2011_2006",-9.00655088673321
"2011_201",12.7526483380244
"2011_2011",-5.22197406072505
"2011_202",5.00035780159485
"2011_2026",-0.705171682621614
"2011_2032",3.90702491475659
"2011_204",-1.90381823342369
"2011_2046",-3.23008578661467
"2011_2050",-1.11453627836555
"2011_2065",-1.35940576480474
"2011_2084",-3.57917016578692
"2011_21",0.518233471381839
"2011_2110",6.66545231371674
"2011_2116",-1.02761080226647
"2011_2117",-3.57673214181011
"2011_2127",-5.91007002745789
"2011_213",-3.04779189574433
"2011_2132",6.89237650942532
"2011_218",1.13976851918962
"2011_2197",-1.35856768141216
"2011_2198",-4.87878912578327
"2011_2199",-5.71528987400073
"2011_221",1.40680515591452
"2011_2210",-1.48336761635621
"2011_222",-2.95086361537393
"2011_2226",-11.9356083355069
"2011_2229",-2.34081018656895
"2011_2230",-11.3056048367343
"2011_2241",-10.17068866955
"2011_2247",-7.80590143211878
"2011_227",-3.36311968262767
"2011_228",8.21017796689945
"2011_2294",3.68879481546004
"2011_23",-2.37864431105561
"2011_2305",-2.67875517894888
"2011_2306",7.49421414684769
"2011_2309",-7.95821059930491
"2011_231",4.71807584796163
"2011_233",-3.03971392837367
"2011_2335",-0.321012836749665
"2011_2348",1.75155100831412
"2011_235",-9.73951147045609
"2011_236",-4.10938905125012
"2011_2377",-3.07021872789934
"2011_238",2.83056762406064
"2011_239",15.4510904541166
"2011_2390",1.75707993075898
"2011_2393",-5.56310982215701
"2011_24",14.9037302782589
"2011_2415",-4.28347934988898
"2011_242",-3.03555533416773
"2011_2426",3.85642596340642
"2011_2428",-5.76249434638394
"2011_2433",-2.06321482798339
"2011_2439",-8.79887454735403
"2011_2440",2.72698748037675
"2011_2447",-6.52586031038407
"2011_2449",3.98026111600626
"2011_245",11.8057414521044
"2011_2450",-3.93482903318518
"2011_2458",-5.12153004258046
"2011_2459",8.46062627385052
"2011_2460",-0.664581352716631
"2011_2464",-5.90691714725994
"2011_2466",-4.92471048455883
"2011_248",19.4617383904128
"2011_2483",17.8980983853741
"2011_249",-2.21144052425259
"2011_25",2.91244035474689
"2011_2502",-2.46168890493021
"2011_2506",-2.40925139687569
"2011_2509",0.441432692489294
"2011_251",2.34281350420242
"2011_252",2.14880100735334
"2011_253",2.16619138443372
"2011_2534",4.45314834911376
"2011_2535",-2.71392437008797
"2011_254",-1.00202075542639
"2011_2545",-3.87275004734422
"2011_2546",-8.36131164596379
"2011_256",-3.8327295768352
"2011_2567",-2.61547955801136
"2011_2569",-9.21015444292436
"2011_257",-1.54375279941211
"2011_2571",-4.82185453386112
"2011_2572",8.54141980547476
"2011_2579",4.53776363742419
"2011_258",-2.81398379365655
"2011_259",1.92960362858265
"2011_26",-0.0796720797657898
"2011_2617",-9.76291104004892
"2011_2619",-6.16521979227384
"2011_2623",-6.56022144089711
"2011_2628",11.3968462719035
"2011_2630",-0.0257440579252637
"2011_2633",-3.3644178449193
"2011_2634",-0.554768702637403
"2011_2635",-4.85789414583205
"2011_2638",-1.14792177025852
"2011_264",5.82270385488671
"2011_2641",6.54711487531562
"2011_2643",1.3652661037245
"2011_2649",14.0118285160737
"2011_265",2.66752420763617
"2011_2653",-5.1145199217818
"2011_2655",-7.35174665731641
"2011_2678",-7.82268777175129
"2011_2692",-0.540029138517065
"2011_2710",-5.87577245970723
"2011_2711",7.57001808430032
"2011_2717",-0.835489379650411
"2011_2729",-5.89433385606611
"2011_2747",1.35917847807026
"2011_275",16.8637989250365
"2011_2751",-1.6778526144819
"2011_2754",-2.7326923737356
"2011_2755",-5.72561742858428
"2011_276",-2.97438341916786
"2011_277",9.26693798872721
"2011_278",1.86110395801891
"2011_282",3.88440823212453
"2011_290",4.41926618328304
"2011_30",9.34164398327818
"2011_302",-5.42878527012031
"2011_304",-5.86621176454711
"2011_309",4.19413775322276
"2011_311",3.2495592971785
"2011_324",-6.00420403094857
"2011_326",-9.42715086791277
"2011_328",4.88034105535399
"2011_331",0.148206646633532
"2011_333",11.4985205074243
"2011_344",1.09916636466607
"2011_349",-1.35539194419032
"2011_356",-2.77626901353012
"2011_36",-6.40781829316351
"2011_38",-3.90304563320818
"2011_41",-0.702531476219491
"2011_47",-4.62482261308887
"2011_48",-3.03323651984668
"2011_5",-6.99911164762037
"2011_50",-1.08983174815661
"2011_52",4.42955321564569
"2011_55",-2.97232181615656
"2011_57",1.89111082006792
"2011_58",3.36385386758446
"2011_59",6.34672251441737
"2011_6",-1.39225722331867
"2011_61",7.09919464661271
"2011_62",1.71451205986014
"2011_66",-1.17317491738457
"2011_68",12.861626071046
"2011_70",-6.26664051801606
"2011_77",4.79058259050599
"2011_79",-0.744166393712128
"2011_8",11.5530248275426
"2011_84",-1.75671465336087
"2011_87",5.84050875924152
"2011_9",7.40249819381929
"2011_93",-2.78998855567145
"2011_96",-6.23708640335557
"2011_97",-1.65720812649364
"2011_98",-3.97403360052924
"2011_99",13.3329299851457
"2012_103",-4.29950185581948
"2012_113",-13.8052622935692
"2012_119",1.30283979436327
"2012_12",10.7786134646427
"2012_120",-4.90629066213981
"2012_127",-3.46116417994976
"2012_13",-1.74229606556664
"2012_130",5.71171404849645
"2012_135",-3.65150475049281
"2012_142",2.81238193597518
"2012_145",6.68377571162257
"2012_150",4.5012332183042
"2012_151",2.53167146043602
"2012_152",1.14596335161043
"2012_153",9.88866622226648
"2012_154",-5.22967707086138
"2012_155",6.62745799921008
"2012_158",9.57900550591451
"2012_16",-5.79090250338648
"2012_160",-5.10534398954808
"2012_164",-3.67439349016951
"2012_166",-8.61963384613064
"2012_167",-5.01505421668355
"2012_183",6.03671339605263
"2012_189",-5.76474565586679
"2012_193",-2.88691277589209
"2012_194",9.25756129042748
"2012_195",-0.478078955631293
"2012_197",15.7817015973155
"2012_2",-5.01231615612393
"2012_2005",-0.817365703149356
"2012_2006",-1.81294433243605
"2012_201",13.6952419824596
"2012_2010",-5.08842901519786
"2012_2016",-7.60626117351818
"2012_202",4.96847155496271
"2012_2026",-5.42826998069433
"2012_2032",7.57983204538037
"2012_204",7.85934024412869
"2012_2046",-6.48710583789716
"2012_2050",5.08679165409358
"2012_2065",-5.22595806067724
"2012_2084",-5.26913037234745
"2012_21",5.78250553082837
"2012_2110",0.790097353372301
"2012_2116",5.20068549131641
"2012_2117",-0.188890063276295
"2012_2127",-8.84874900469635
"2012_213",2.58372096691596
"2012_2132",4.36781687489933
"2012_2169",-3.32816594197279
"2012_218",0.440113399269155
"2012_2197",-2.68628142058133
"2012_2198",-6.83927468013333
"2012_2199",-4.30400586906843
"2012_221",3.37393692629575
"2012_2210",-8.34187998644342
"2012_222",-6.57314582773658
"2012_2226",-3.16833864876695
"2012_2229",-2.60986213394192
"2012_2230",0.0268491559854161
"2012_2241",-2.87164780608978
"2012_2247",-9.21043676929655
"2012_227",-3.08252718229416
"2012_228",14.5036990888033
"2012_2287",-0.589013486901338
"2012_2294",-4.59214676284026
"2012_2296",-3.31484538525613
"2012_23",6.93994129118368
"2012_2305",-5.04531010163486
"2012_2306",13.0295950683457
"2012_2309",5.94610053579988
"2012_231",-5.35235929100506
"2012_2320",-10.3827327046492
"2012_233",-4.86240030236893
"2012_2348",19.8697722021004
"2012_235",-5.20304813904684
"2012_236",-3.27903738499706
"2012_2377",-0.275545761734599
"2012_238",2.67983822630914
"2012_239",17.1949383576555
"2012_2390",6.81325343575958
"2012_2393",0.000314943459987988
"2012_24",3.54968482171467
"2012_2415",-4.64847989929634
"2012_242",1.06847544564421
"2012_2426",-2.78204839202425
"2012_2428",-4.40366764601493
"2012_2433",4.77699696874541
"2012_2439",-5.62370124524083
"2012_2440",8.15894546455988
"2012_2447",-8.31520314242895
"2012_245",17.7589149610123
"2012_2450",-4.63635887121021
"2012_2458",-6.9981394407877
"2012_2459",8.31551708350092
"2012_2460",0.508310569822025
"2012_2464",-6.40020907258948
"2012_2466",-3.52248556437791
"2012_248",1.16594277322388
"2012_2483",22.0719730297166
"2012_249",-4.60221154934977
"2012_25",-0.697603367144284
"2012_2502",-1.71866253870589
"2012_2506",-9.8834511449595
"2012_2509",3.3034544741736
"2012_251",9.42575042835441
"2012_252",3.39303586259767
"2012_253",2.13036987050546
"2012_2534",1.25493293361644
"2012_2535",-7.65674717536444
"2012_254",1.91539314703065
"2012_2542",-9.01250765337454
"2012_2545",-10.5410739705506
"2012_2546",-1.41199190735145
"2012_256",-6.66946500189054
"2012_2567",0.121667264547407
"2012_2569",-7.82471940673451
"2012_257",-1.58058654902007
"2012_2571",-2.76817785420927
"2012_2572",-6.05710348887019
"2012_2579",5.80956492536716
"2012_258",-3.95072980391499
"2012_259",0.568067234659683
"2012_26",8.65140024208374
"2012_2617",3.07421789562661
"2012_2619",-3.80925247668455
"2012_2623",-5.43475258701253
"2012_2628",3.28024298482102
"2012_2630",-4.7514495368392
"2012_2633",11.4826970237784
"2012_2635",-1.12474862612891
"2012_2636",0.874116202334051
"2012_2638",-6.81058414083526
"2012_264",-0.845860326087118
"2012_2640",-5.58492682660136
"2012_2641",10.920169021574
"2012_2643",-2.66443584997311
"2012_2649",3.80251310392386
"2012_265",-2.0800812418642
"2012_2653",2.5870632922631
"2012_2655",-2.80772284931396
"2012_2678",-5.94777924342935
"2012_2681",-8.10907332699013
"2012_2692",-2.34897047352345
"2012_2710",-4.28675492251657
"2012_2711",0.0588929686631744
"2012_2717",-5.35700748959088
"2012_2729",-5.60039340715237
"2012_2747",-2.08796133466545
"2012_275",5.78435193821274
"2012_2751",-0.348072048767419
"2012_2754",4.48758369609383
"2012_2755",-5.37861996145977
"2012_276",9.48310277460804
"2012_277",14.0074161082466
"2012_278",10.3018090736038
"2012_282",-5.21666010377422
"2012_2823",-8.41905143162626
"2012_2837",-3.84478507406026
"2012_290",-0.581849093191979
"2012_30",8.66285167832108
"2012_302",-2.02848744044246
"2012_304",-5.32425747160573
"2012_309",6.93435294047878
"2012_311",-7.48344311023501
"2012_324",1.35778284982713
"2012_326",-0.962576514975915
"2012_328",5.41916435182969
"2012_331",-5.8891339085208
"2012_333",11.7700087997947
"2012_344",3.64331426790528
"2012_349",-1.9716649809168
"2012_356",-8.76950329275334
"2012_36",-3.7045018722714
"2012_38",-5.62121142190223
"2012_41",-7.09901719209498
"2012_47",-4.5187348017016
"2012_5",-1.58618398818333
"2012_50",-1.44423033081649
"2012_52",10.648991814885
"2012_55",-2.38248004221205
"2012_57",3.3397509979544
"2012_58",-3.47943120841371
"2012_59",7.74142846521467
"2012_6",-8.69008369816052
"2012_61",11.5832366675733
"2012_62",-4.60563493652983
"2012_66",0.281295584922145
"2012_68",2.12637046842953
"2012_70",-7.88055256100469
"2012_77",6.14054016257029
"2012_79",-6.08245591193175
"2012_8",1.10588285515185
"2012_84",5.40656077473275
"2012_87",3.7518297182517
"2012_9",8.91142941879131
"2012_93",-3.86578079376086
"2012_96",-4.8129656568192
"2012_97",4.1939790776204
"2012_98",0.947919647668057
"2012_99",6.04521633876449
"2013_103",4.26379906167921
"2013_113",-12.644445232597
"2013_119",2.04583283421697
"2013_12",6.53475593212772
"2013_120",0.813512138341034
"2013_127",1.68671244715119
"2013_13",-2.51592224037167
"2013_130",7.7121317599851
"2013_135",-0.529946013088687
"2013_142",11.3772998005797
"2013_145",4.59675708540068
"2013_147",0.377012863149092
"2013_150",6.34433857074379
"2013_151",9.69648250723424
"2013_152",-1.47674749024009
"2013_153",5.99745726288707
"2013_154",-5.62691731632632
"2013_158",3.89616745878436
"2013_16",-13.0540203191913
"2013_160",-2.00131909083338
"2013_164",-0.251920249847673
"2013_166",-7.25793623541466
"2013_167",2.51308787169696
"2013_183",-0.933048505459484
"2013_189",4.30352163795245
"2013_193",-14.8637220326536
"2013_194",16.5421230610967
"2013_195",-0.170862803384797
"2013_197",12.3263833403335
"2013_2",13.6241312428175
"2013_2000",-3.91243855657534
"2013_2005",-3.6229532117094
"2013_2006",-6.76476325273934
"2013_201",5.36824865211853
"2013_2010",-3.96218502098299
"2013_2011",-4.34716207505812
"2013_2016",-3.64009119085667
"2013_202",-4.40514449316349
"2013_2026",-5.76790057020135
"2013_2029",-4.79616981528635
"2013_2032",0.030726218352461
"2013_204",7.88178746140197
"2013_2046",-14.1848960920597
"2013_2050",8.34620572701297
"2013_2065",-0.724925265190301
"2013_2084",1.73942938554423
"2013_2097",-6.64655772228453
"2013_21",-2.78289962812799
"2013_2110",-1.91528773103598
"2013_2116",5.86433568581678
"2013_2117",-6.31271395018048
"2013_2127",-6.75255910115711
"2013_213",0.862835084362974
"2013_2132",3.33614067299132
"2013_2142",-7.82303730444109
"2013_218",-1.64077035581374
"2013_2197",7.11158971450858
"2013_2198",-2.55940784028196
"2013_2199",-8.42817982915581
"2013_221",1.04332563409137
"2013_2210",-6.38590223622398
"2013_222",-3.3192767952282
"2013_2226",-2.94074589481614
"2013_2229",-16.5071386111293
"2013_2230",1.06020522107147
"2013_2241",-8.48051131647243
"2013_2247",-7.93804013495271
"2013_227",-6.72786220517128
"2013_228",13.0964227730971
"2013_2287",0.752993687170261
"2013_2294",1.52494466778146
"2013_2296",-4.93640849329708
"2013_23",5.06116728732204
"2013_2305",-8.85493227964165
"2013_2306",6.13612806050409
"2013_2309",-4.57531439786399
"2013_231",-0.755597793779364
"2013_2320",-7.13564110677403
"2013_233",-4.04176078187238
"2013_2335",-7.79417666531976
"2013_2348",-9.37142724267984
"2013_235",-6.04180673180429
"2013_236",0.0925415924971466
"2013_2377",9.91022003471795
"2013_238",2.53764329726982
"2013_239",23.282663878533
"2013_2390",10.7824648814922
"2013_2393",1.00129799291558
"2013_24",7.24207016976581
"2013_2415",-6.25517748592123
"2013_242",1.77486384310302
"2013_2426",4.31631545685838
"2013_2428",-7.13657498909817
"2013_2433",-4.23776903074657
"2013_2439",1.3658077608307
"2013_2440",-0.370254091065327
"2013_2447",-8.09312693661693
"2013_2449",1.55228714845176
"2013_245",15.7822460325973
"2013_2450",-10.7749910932882
"2013_2458",-8.75041402131954
"2013_2459",10.8054728230915
"2013_2460",-0.298759164395134
"2013_2464",-6.31431687509166
"2013_2466",-5.80632383227849
"2013_248",6.69700250125946
"2013_2483",17.5774224132464
"2013_249",0.777213303623194
"2013_25",-0.180320090279088
"2013_2502",-1.93018507285403
"2013_2504",-8.05578260885532
"2013_2506",-4.07465404794173
"2013_2509",-8.63603164508903
"2013_251",4.91994763004181
"2013_252",6.50458194016568
"2013_253",-3.88442090628603
"2013_2534",0.904397701860368
"2013_2535",-1.29659353724545
"2013_254",4.50405435361939
"2013_2542",-12.1044149090775
"2013_2545",-0.628367071396673
"2013_2546",-1.7114254289892
"2013_256",2.75595451989499
"2013_2567",0.503831725655883
"2013_2569",-1.10344064488018
"2013_257",-1.44459513059087
"2013_2571",-1.29650868134139
"2013_2572",-9.16009843656084
"2013_2579",8.35979383736232
"2013_258",-3.53403415579502
"2013_2582",-2.08101938945288
"2013_259",-1.23094352847429
"2013_26",9.55615299429423
"2013_2617",-4.57609083626889
"2013_2619",0.738182241853983
"2013_2623",-0.545436868452517
"2013_2628",-0.444219200740919
"2013_2630",-5.94251176311314
"2013_2633",0.712009743190285
"2013_2635",-4.21199464485568
"2013_2636",-2.37459494739571
"2013_2638",-6.73238661793066
"2013_264",10.3162218537594
"2013_2641",8.23744668858791
"2013_2643",3.68539561780996
"2013_2649",5.41244083974518
"2013_265",4.75388062077014
"2013_2653",4.37817863303129
"2013_2655",-2.15645918234619
"2013_2678",-8.96115270377471
"2013_2681",-7.44648168824597
"2013_2692",-5.44849354142498
"2013_2710",-7.29893289365764
"2013_2711",-8.98839814706519
"2013_2717",-5.2838841143169
"2013_2729",-3.49447453377779
"2013_2747",-5.41123556967158
"2013_275",7.58658310115351
"2013_2751",0.500839117918336
"2013_2754",2.02318058722701
"2013_2755",-5.70129994930656
"2013_276",11.6270406085662
"2013_277",1.24117349112053
"2013_278",12.1816484471863
"2013_282",-3.55966108037308
"2013_290",4.33166542376022
"2013_295",10.2919898897973
"2013_30",3.22051792334974
"2013_302",-6.90255906891907
"2013_304",-5.30441695993046
"2013_309",3.75383312040334
"2013_311",-2.15399640310526
"2013_324",-2.09285870005825
"2013_326",-6.92073461541222
"2013_328",1.76116158553832
"2013_331",5.2377772848458
"2013_333",11.6853059617537
"2013_344",1.87496302464969
"2013_349",-4.1696220307259
"2013_356",3.20823189266331
"2013_36",4.52827297578841
"2013_38",0.181835587692505
"2013_399",-8.10510018693882
"2013_41",-4.4655961536918
"2013_47",-7.82089678787791
"2013_48",-5.22474298333181
"2013_5",-2.45434949805729
"2013_50",-6.54976269416557
"2013_52",23.9591169126168
"2013_55",-0.266369843444167
"2013_57",-4.04952969984833
"2013_58",-9.38156430767068
"2013_59",9.58151989141421
"2013_6",0.921077675559645
"2013_61",13.9447665166514
"2013_62",-0.143084348939916
"2013_66",0.848459174933894
"2013_68",7.79085482482693
"2013_70",-8.0608936003174
"2013_77",0.764167589522037
"2013_79",1.26995659488981
"2013_8",-2.93873527973485
"2013_84",12.0018310260236
"2013_87",3.12834888733987
"2013_9",16.6626772169311
"2013_93",-2.86479813725487
"2013_96",-2.42570888469469
"2013_97",5.90357295555418
"2013_98",1.09037616217482
"2013_99",10.6762221615025
"2014_103",1.10033152946606
"2014_113",-2.01892373134511
"2014_119",-6.79229705107402
"2014_12",7.08417200459249
"2014_120",4.07637459241375
"2014_127",14.0729432020386
"2014_13",-9.10808486148257
"2014_130",-4.15645247546629
"2014_135",3.20828750407638
"2014_142",2.35086767850224
"2014_145",6.33339481772927
"2014_147",-5.65098778162486
"2014_149",-5.45426221397449
"2014_150",4.9422690639011
"2014_151",7.39519083329702
"2014_152",2.96610688029069
"2014_153",8.81744097388622
"2014_154",-7.11338089049203
"2014_155",-5.42667574599974
"2014_158",10.1048635186109
"2014_16",-6.522858403149
"2014_160",-3.32052615799855
"2014_164",0.0728482070559251
"2014_166",-4.14916009638018
"2014_167",0.100850867146438
"2014_183",-6.64055914375428
"2014_189",-0.113022433901436
"2014_193",-4.45780982835973
"2014_194",17.3628056020977
"2014_195",-7.87685381622139
"2014_197",2.08078399270274
"2014_2",13.3368738049598
"2014_2000",1.26482878220761
"2014_2005",-0.194346925308861
"2014_2006",-6.31025595599632
"2014_201",11.3756546046667
"2014_2010",-3.80477347216642
"2014_2016",-3.10025654473865
"2014_202",-0.933035586244665
"2014_2026",4.0820406319522
"2014_2029",-9.13606030246132
"2014_2032",6.46624973330666
"2014_204",-0.141019342619758
"2014_2046",-6.39070813946925
"2014_2050",-1.55801832553515
"2014_2065",-5.58928747712835
"2014_2084",1.57869138637251
"2014_2097",-9.29598684319203
"2014_21",-4.52120430345467
"2014_2110",0.67776763593067
"2014_2116",1.24903431665219
"2014_2117",-3.59990399683904
"2014_2127",-3.94291157791904
"2014_213",-5.52014214672193
"2014_2132",7.25367899459983
"2014_2142",-5.73561165801008
"2014_2169",-6.02284849256365
"2014_218",-4.18680860796835
"2014_2184",-1.12736135806503
"2014_2197",-0.738742365751361
"2014_2198",-6.92238813532434
"2014_2199",-11.9822125629591
"2014_221",3.23435887138245
"2014_2210",-2.59235372406551
"2014_222",2.00278700632142
"2014_2226",-3.2348779374284
"2014_2229",-5.94758510822384
"2014_2230",0.216291747263941
"2014_2241",-5.88363065996913
"2014_2247",-4.09095562224324
"2014_2261",-2.38611547975477
"2014_227",-4.39155643623151
"2014_228",2.06258177458623
"2014_2294",0.500516953926952
"2014_23",-7.30450056559881
"2014_2305",-6.18808188286242
"2014_2306",8.23691461571026
"2014_2309",-10.4263110686513
"2014_231",-5.27979441365388
"2014_2320",-6.77094468354411
"2014_233",-1.56457921349998
"2014_2335",6.45730790665395
"2014_2348",9.6059666148233
"2014_235",5.97947613405692
"2014_236",-3.96549413678308
"2014_2377",0.933148997424757
"2014_238",-6.5008893765136
"2014_239",18.6732371052907
"2014_2390",3.69968260869527
"2014_2393",1.65315323651264
"2014_24",-1.08027341939303
"2014_242",0.758584574273714
"2014_2426",4.35916320532778
"2014_2428",-6.46579768648051
"2014_2433",-6.97292686662008
"2014_2439",-3.57710908777412
"2014_2440",3.00387566759301
"2014_2447",-8.52416078761891
"2014_2449",1.26634381767104
"2014_245",10.0985472498919
"2014_2450",-8.35108538877072
"2014_2458",-7.89055604081986
"2014_2459",2.42841556259028
"2014_2460",0.0199401780640396
"2014_2464",-4.01501034978531
"2014_2466",-1.04903905227051
"2014_248",0.300545089709346
"2014_2483",17.2385402386007
"2014_249",-1.95570503365175
"2014_25",11.1355417162962
"2014_2502",-5.6281990002004
"2014_2506",-11.0998188439477
"2014_2509",-1.8961504542693
"2014_251",-3.14891718068122
"2014_252",6.44936675223566
"2014_253",-4.82550981684027
"2014_2534",-3.98922859769424
"2014_2535",-3.68454328760982
"2014_254",4.10611517333769
"2014_2542",-11.4730953517275
"2014_2545",-1.50356370669387
"2014_2546",0.93438583191955
"2014_256",-6.8050482141292
"2014_2567",-13.5068123807254
"2014_2569",-2.43122282680735
"2014_257",-2.15466930530621
"2014_2571",0.877118815290666
"2014_2572",-5.61481638900183
"2014_2579",8.15888362007345
"2014_258",0.28302067529666
"2014_2582",-6.64543019690488
"2014_259",-1.99961953722268
"2014_26",6.09113207016308
"2014_2617",-0.0303411000395817
"2014_2619",-3.99587267894015
"2014_2623",-0.763896548761799
"2014_2628",17.7855734327221
"2014_2630",-3.07022929710771
"2014_2633",4.02574942368234
"2014_2636",-10.1255190857773
"2014_2638",-2.31894283498051
"2014_264",2.75077234274961
"2014_2641",5.64650909196081
"2014_2643",-2.70140629485084
"2014_2649",4.40898053014691
"2014_265",5.86312410846758
"2014_2653",-6.54366091539772
"2014_2655",-9.14305088104703
"2014_2678",-8.98337749654818
"2014_2692",-1.96899673405434
"2014_2710",-7.54368412175062
"2014_2711",5.55886652518198
"2014_2717",2.35187758433137
"2014_2729",-2.20731314892357
"2014_2747",-0.293496463946028
"2014_275",7.563043720365
"2014_2751",-4.52052155915233
"2014_2754",-3.76701115271847
"2014_2755",-7.37761397653466
"2014_276",13.4894928845635
"2014_277",6.71391853634454
"2014_278",0.272360561583202
"2014_282",-4.4782167187661
"2014_290",6.43081299038735
"2014_295",3.0337886075291
"2014_30",7.71876862824254
"2014_302",-2.7444124489764
"2014_304",-1.35716371832886
"2014_309",1.57532516035657
"2014_311",-2.8406802150465
"2014_326",1.51609802307919
"2014_328",-1.02277163194594
"2014_331",11.4595501198382
"2014_333",13.0393075592683
"2014_344",11.578685932034
"2014_349",-3.62181182914624
"2014_356",1.395879573395
"2014_36",5.0072728212486
"2014_38",2.55622658182128
"2014_41",-8.66243547491882
"2014_43",4.66533348625884
"2014_47",-6.14142103538332
"2014_5",5.11684565637819
"2014_50",-3.85333814681654
"2014_52",9.74599552721024
"2014_55",-3.61807582257716
"2014_57",5.38469822605166
"2014_58",-9.91595604841489
"2014_59",11.6456494989807
"2014_6",-6.87672745620593
"2014_61",15.0296765271741
"2014_62",-5.56893860026481
"2014_66",-1.383166715243
"2014_68",11.5439017991747
"2014_70",-1.08399638266764
"2014_77",-2.31344787415862
"2014_79",-4.62482377885901
"2014_8",7.045329837297
"2014_84",1.48664164947765
"2014_87",7.48325995220609
"2014_9",10.2346961245643
"2014_93",-2.01265258643467
"2014_96",5.16867341779743
"2014_97",6.75646678809684
"2014_98",13.1090714766258
"2014_99",3.56916896228501
"2015_103",-7.43968878592553
"2015_113",-4.30014532724051
"2015_119",-0.591785085747188
"2015_12",9.50866452395095
"2015_120",1.53301002006592
"2015_127",5.23925910854911
"2015_13",-1.79857799692312
"2015_130",4.51224311766245
"2015_135",-0.21968856591458
"2015_142",-8.89329838425833
"2015_145",12.1383927716974
"2015_150",5.4063033585921
"2015_151",1.5955173918204
"2015_152",7.9404171665251
"2015_153",14.1942622490052
"2015_154",-5.74208150560285
"2015_155",-1.82671636325987
"2015_158",6.65305610177283
"2015_16",-4.09935239274728
"2015_160",-4.53034811492836
"2015_164",1.1112559306789
"2015_166",-0.361064672903557
"2015_167",-2.08561646946372
"2015_183",4.50785340295964
"2015_189",14.6380710150744
"2015_193",-8.59662495417638
"2015_194",7.45280132812227
"2015_195",-0.787508056523642
"2015_197",12.7498576909652
"2015_2",2.08256886978139
"2015_2000",-7.025466486254
"2015_2005",5.22571856410382
"2015_2006",-4.33013000295901
"2015_201",16.2686488676364
"2015_2010",-5.60685623224575
"2015_2016",-4.96867630169397
"2015_202",7.01422273633485
"2015_2026",4.39508520948638
"2015_2032",8.90228471424583
"2015_204",-4.62462020791097
"2015_2046",-7.13510736061447
"2015_2050",-2.98081004455661
"2015_2065",-7.76541322930679
"2015_2083",-4.13574516177388
"2015_2084",0.202654045133045
"2015_21",1.28938144254574
"2015_2110",-5.2929476962414
"2015_2116",-10.1686181166782
"2015_2117",-0.641908884766171
"2015_2127",-3.83522218743433
"2015_213",-0.445671234394364
"2015_2132",8.73724291703683
"2015_2142",-2.630560181544
"2015_2169",-3.98484850364195
"2015_218",3.06340168442324
"2015_2197",-4.99773011369769
"2015_2198",-5.11801713009797
"2015_2199",-1.82399918717758
"2015_221",3.40647917120058
"2015_2210",-5.3228321370803
"2015_222",-0.85701008220175
"2015_2226",-6.08389937265875
"2015_2229",-3.16880659903466
"2015_2230",3.7359456183722
"2015_2241",-3.23043341408301
"2015_2247",-3.65402230159984
"2015_227",-9.24286618099279
"2015_228",13.3761769792788
"2015_2287",-0.954127159092106
"2015_2294",5.3436642995817
"2015_2296",-3.78728575701336
"2015_23",-0.213083112849024
"2015_2305",-9.78422171194893
"2015_2306",2.82077331977639
"2015_2309",-11.2400869575893
"2015_231",-8.52522128215038
"2015_2320",3.28433346305125
"2015_233",-8.17159652232604
"2015_2335",4.27748304358355
"2015_2348",5.24442725023459
"2015_235",12.0476396942084
"2015_236",-0.151212952234226
"2015_238",-7.50788076816634
"2015_239",16.3873888453479
"2015_2390",2.96542279615879
"2015_2393",5.24372689015799
"2015_24",10.4652030165021
"2015_2400",-8.65183196584242
"2015_2405",-3.16624075442108
"2015_2415",-5.1010334527989
"2015_242",-3.6967472658294
"2015_2426",7.75931574977323
"2015_2428",-9.09621616379492
"2015_2429",-9.8835021526367
"2015_2433",-8.01927018401031
"2015_2439",0.20177018817794
"2015_2440",-3.38009383586762
"2015_2447",-14.0622650726111
"2015_2448",-1.82751301866414
"2015_245",2.35361207770771
"2015_2450",-11.1597927414299
"2015_2459",4.89513746822461
"2015_2460",-5.87153871322322
"2015_2464",-6.33050495716887
"2015_2466",-4.80469802264845
"2015_248",10.2733167912618
"2015_2483",16.0554753132553
"2015_249",-10.4877392764071
"2015_25",10.0951722200773
"2015_2502",8.6473949649593
"2015_2504",-3.6758183757483
"2015_2506",-12.0211782422567
"2015_2509",1.18936626006619
"2015_251",-0.264969299184259
"2015_252",6.78154075749618
"2015_253",-5.19956617669438
"2015_2534",3.64467162725677
"2015_2535",-6.02325452394458
"2015_254",3.15612705082895
"2015_2542",-6.27336603451161
"2015_2545",-3.11684381906255
"2015_2546",-3.7437168204097
"2015_256",3.80473287051071
"2015_2567",0.934031024939562
"2015_257",-2.24432144667066
"2015_2571",2.11459891538779
"2015_2572",7.91199021565459
"2015_2579",-0.614616500871759
"2015_258",1.35225448155587
"2015_2582",-5.42202178348018
"2015_259",4.87094298173958
"2015_26",5.56217381291444
"2015_2617",-4.50135050958424
"2015_2623",-9.14417250491136
"2015_2628",11.5383236548581
"2015_2630",-2.81615596268901
"2015_2633",8.91670494078917
"2015_2635",1.82343238222269
"2015_2636",-7.45356960248482
"2015_2638",-9.36466558563677
"2015_264",1.92757547411415
"2015_2641",17.605978841229
"2015_2643",-2.54855197289034
"2015_2649",5.95760287857991
"2015_265",4.95092614233581
"2015_2653",-0.98370737373868
"2015_2655",-6.2759177193199
"2015_2678",1.68300861377114
"2015_2681",-8.19723694615323
"2015_2692",-7.71984410272344
"2015_2710",-7.08847975793544
"2015_2711",6.71584034544328
"2015_2717",-2.62797727936203
"2015_2729",1.53158925262761
"2015_2747",-1.42230960184399
"2015_275",0.0747450932110729
"2015_2751",-6.78716905006055
"2015_2754",6.42237864321684
"2015_2755",-3.51612345037783
"2015_276",1.44414578495213
"2015_277",4.93818739853428
"2015_278",-3.75066219489675
"2015_282",-5.76748919377177
"2015_290",4.03950619067548
"2015_2916",-4.5129012436668
"2015_295",-5.162483269252
"2015_30",7.78238052786901
"2015_301",-4.81160874196105
"2015_302",-3.84078313141483
"2015_304",-11.2920197133709
"2015_309",-4.19244432314368
"2015_311",-8.58535033270741
"2015_326",-3.29568690791245
"2015_328",4.48722203797869
"2015_331",3.96615506097496
"2015_333",8.74742426748811
"2015_344",7.01054299035265
"2015_349",-5.29820214591562
"2015_356",-0.890176723679865
"2015_36",0.771445512012076
"2015_38",-2.52712067563075
"2015_399",-4.6720952314107
"2015_41",-5.98224042382048
"2015_47",-7.8336189951647
"2015_48",-1.78686077722077
"2015_50",-5.11095862716846
"2015_52",7.0967035760076
"2015_55",-0.666392478402304
"2015_57",0.82815818547811
"2015_58",5.95260567230487
"2015_59",3.91266789896972
"2015_6",-2.83098710339479
"2015_61",1.53413380312488
"2015_62",-8.62839368186434
"2015_66",0.000764995687108138
"2015_68",7.75783165463883
"2015_70",0.744412106170307
"2015_77",-3.85571657908037
"2015_79",5.34909274853488
"2015_8",8.74503421242001
"2015_84",9.60147599588763
"2015_87",11.1928680818859
"2015_9",7.74639855490165
"2015_93",-0.245327887418714
"2015_96",-0.045889185002162
"2015_97",4.84656336693186
"2015_98",11.893227889325
"2015_99",4.74921467393347
"2016_103",-6.22864108263762
"2016_113",-3.64031027947586
"2016_119",-2.45812935266893
"2016_12",0.664560826551764
"2016_120",-0.471255332341068
"2016_127",0.754861642449177
"2016_13",0.334914639164623
"2016_130",14.364598149953
"2016_135",3.35854667537428
"2016_142",4.47361126471421
"2016_145",8.70858506091719
"2016_147",-3.31252588973248
"2016_150",-0.809526904178649
"2016_151",0.738858233107894
"2016_152",-0.280180544523496
"2016_153",6.05805868397243
"2016_154",-5.76568246669762
"2016_155",-2.5693897792348
"2016_158",0.604489375235275
"2016_16",-8.3269263271164
"2016_164",-7.51694650902913
"2016_166",-2.24023682770381
"2016_167",6.03092396883089
"2016_183",0.787836930297462
"2016_189",-3.03890226590831
"2016_193",-3.57487143065989
"2016_194",15.30540397458
"2016_195",-3.12422078508803
"2016_197",8.52536840662018
"2016_2",6.10172654019376
"2016_2000",-0.574947757768178
"2016_2005",3.43287342132364
"2016_2006",0.411681336922012
"2016_201",15.6491649876459
"2016_2010",-11.4338285658288
"2016_2011",-2.96234805916302
"2016_2016",-5.16852985038446
"2016_202",12.6738669226654
"2016_2026",-1.03943311813437
"2016_2032",-1.37183016652783
"2016_204",0.14547336377727
"2016_2046",-4.78041262200938
"2016_2050",-1.6937476057638
"2016_2065",-2.8743573086527
"2016_2084",-9.27516998294931
"2016_21",4.40685810218778
"2016_2110",2.35273322469679
"2016_2116",2.98954550101834
"2016_2117",-0.138400715714066
"2016_2127",-3.89302813041574
"2016_213",11.1520373094717
"2016_2132",-6.98540371029093
"2016_2142",-8.44483798414821
"2016_2169",-9.73293453643171
"2016_218",4.83378820177786
"2016_2197",-0.835324361285639
"2016_2198",-6.20085681816399
"2016_2199",1.02137498554483
"2016_221",14.8584484911717
"2016_2210",-5.28297259716482
"2016_222",-7.77486934043253
"2016_2226",-2.2933369528556
"2016_2229",-6.21042305187017
"2016_2230",-2.8933617124399
"2016_2241",0.109374716078127
"2016_2247",-6.64645531759204
"2016_2261",-2.38606302677871
"2016_227",-8.27728332616854
"2016_2277",-10.3724546615645
"2016_228",13.2565135751809
"2016_2287",-3.19647584062361
"2016_2294",1.64230242236939
"2016_2296",-7.24286071002174
"2016_23",-4.01718834917135
"2016_2305",-5.84506128271429
"2016_2306",3.80883661178172
"2016_2309",-5.91760635622162
"2016_231",-3.31552035323026
"2016_2320",-6.45238598093511
"2016_233",-3.25765344515985
"2016_2335",-5.06642580195203
"2016_2348",11.5637459538091
"2016_235",9.82403239651252
"2016_236",-1.51392495010548
"2016_2377",-0.877455194000998
"2016_238",-1.91262448614027
"2016_2382",-3.92219022191316
"2016_239",5.28846630344652
"2016_2390",6.68973820073036
"2016_2393",8.20941758259017
"2016_24",0.100197490331824
"2016_2400",-4.36648118138446
"2016_2405",-5.84718118988297
"2016_2415",-5.94123476980546
"2016_242",-4.00280714713794
"2016_2426",9.08945344039617
"2016_2428",-4.06270140177088
"2016_2429",-3.88212228906643
"2016_2433",-3.7208497984219
"2016_2439",2.24206816869828
"2016_2440",-5.50466307943021
"2016_2447",4.93561114208765
"2016_2448",-2.12411153106364
"2016_2449",2.63521581946853
"2016_245",7.88388625697708
"2016_2458",-0.560134079250462
"2016_2459",2.20627810447909
"2016_2460",-0.104803245879372
"2016_2464",-6.27438522208349
"2016_2466",-6.36211535252721
"2016_248",8.67219126894511
"2016_2483",9.26667737355191
"2016_249",-4.49294576957845
"2016_25",10.1750179946139
"2016_2502",-1.49770955888181
"2016_2504",-2.28657537710576
"2016_2506",-10.2029121985561
"2016_2509",-0.140896500693683
"2016_251",2.9927605747053
"2016_252",4.37402209940826
"2016_253",-7.705945279779
"2016_2535",4.82137233954358
"2016_254",2.72172598128647
"2016_2542",-13.7215888125659
"2016_2545",-5.33209695433509
"2016_2546",-1.83112084652406
"2016_256",2.33611230855387
"2016_2567",0.906847653398061
"2016_2569",-8.02475871419224
"2016_257",3.45374432296629
"2016_2571",6.68073170019011
"2016_2572",2.776609661456
"2016_2579",-7.05592211560978
"2016_258",-2.53374088401187
"2016_2582",-4.42733426582452
"2016_259",7.23898053441796
"2016_26",-0.731109823454096
"2016_2617",-6.56250772228236
"2016_2619",-5.16926086072661
"2016_2623",-5.99619817763437
"2016_2628",2.40725956880972
"2016_2630",-6.48626241474913
"2016_2633",11.4387628782644
"2016_2634",-0.128941352105887
"2016_2635",-9.07942146123878
"2016_2636",-1.52331786401486
"2016_2638",-7.36844137962906
"2016_264",13.9115084851684
"2016_2641",13.6277412514383
"2016_2643",-4.8435717939215
"2016_2649",9.84088691141361
"2016_265",11.2982390449356
"2016_2653",3.61239412876658
"2016_2655",-2.662716268249
"2016_2678",-2.51308975091941
"2016_2681",-8.90217922894701
"2016_2692",-6.71395770659996
"2016_2710",0.95343477266003
"2016_2711",12.9202944904726
"2016_2717",-3.55738755941776
"2016_2729",-1.53128643816907
"2016_2747",-5.00864762855879
"2016_275",4.86574972337205
"2016_2751",7.81050578655997
"2016_2754",0.998740155561348
"2016_2755",-4.09000343776769
"2016_276",-6.46236443403221
"2016_277",3.94274992458805
"2016_278",-9.35021747805553
"2016_282",2.50844210385612
"2016_290",-1.13170314332628
"2016_2916",-7.28933009475785
"2016_295",3.64584350263745
"2016_30",6.57447783682317
"2016_302",-3.48515757920456
"2016_304",-6.41645420740099
"2016_309",-3.90406021699119
"2016_311",-6.04327723896926
"2016_322",-4.57077216161181
"2016_326",-8.07637272605644
"2016_328",-2.04764092777099
"2016_331",8.28758599568805
"2016_333",14.4567755269075
"2016_344",6.40299511412672
"2016_349",1.12182757508226
"2016_356",-4.25548153580461
"2016_36",4.48313648910921
"2016_38",6.07102073840017
"2016_399",-2.92003409590554
"2016_41",-10.6916898020837
"2016_47",-7.19601350605417
"2016_48",0.834261046511342
"2016_50",-4.31253672074166
"2016_52",9.25229089867598
"2016_55",0.434226269904755
"2016_57",-0.72567503416917
"2016_58",13.1055594380591
"2016_59",2.6009227802369
"2016_6",-3.44154506626206
"2016_61",-1.04065896568906
"2016_62",-2.64197424944668
"2016_66",0.790396118719268
"2016_68",5.89160467860892
"2016_70",0.160651338683768
"2016_77",1.90233305517701
"2016_79",-2.15371032679341
"2016_8",4.68326087953642
"2016_84",0.702398682179226
"2016_87",5.77513297397221
"2016_9",5.529603519404
"2016_93",-8.42136953946064
"2016_96",4.07403076570489
"2016_97",16.7373733239735
"2016_98",13.0372842765571
"2016_99",3.55738324539829
