2009,2,507,08/30/2008,44,A,,-,6841
2009,2,199,09/13/2008,45,H,,-,7217
2009,2,1371,09/20/2008,59,A,,-,3268
2009,2,206,09/27/2008,56,A,,-,3524
2009,2,8965,10/04/2008,66,H,,-,7677
2009,2,25,10/11/2008,51,H,,-,8145
2009,2,767,10/18/2008,52,A,,-,19380
2009,2,1395,10/25/2008,37,H,,-,10585
2009,2,696,11/01/2008,42,A,,-,5817
2009,2,1222,11/08/2008,47,H,,-,7337
2009,2,767,11/22/2008,93,H,,-,11797
2009,2,507,11/29/2008,36,H,,-,8817
2010,2,507,08/27/2009,19,H,,-,11322
2010,2,1083,09/05/2009,58,H,,-,7124
2010,2,199,09/12/2009,20,A,,1 OT,7200
2010,2,1371,09/19/2009,33,H,,-,7253
2010,2,206,09/26/2009,44,H,,-,8542
2010,2,8965,10/03/2009,43,A,,-,3050
2010,2,25,10/10/2009,38,A,,-,10250
2010,2,767,10/17/2009,21,H,,-,12875
2010,2,1395,10/24/2009,6,A,,-,7326
2010,2,696,10/31/2009,47,H,,-,7255
2010,2,1222,11/07/2009,13,A,,-,8275
2010,2,1222,11/14/2009,24,A,,-,9265
2010,2,507,11/21/2009,10,A,,-,5893
2011,2,2814,09/04/2010,34,A,,-,6871
2011,2,12810,09/11/2010,43,A,,-,6127
2011,2,8965,09/18/2010,47,H,,-,8325
2011,2,1395,09/25/2010,65,H,,-,7836
2011,2,696,10/02/2010,31,A,,-,15550
2011,2,1222,10/09/2010,31,H,,-,13486
2011,2,2743,10/16/2010,54,A,,-,3325
2011,2,206,10/23/2010,53,A,,-,2526
2011,2,25,10/30/2010,33,H,,-,6342
2011,2,767,11/06/2010,41,A,,-,13827
2011,2,8744,11/13/2010,47,H,,-,7873
2011,2,130,11/27/2010,41,H,,-,6458
2012,2,1395,09/01/2011,27,A,,-,6412
2012,2,487,09/17/2011,17,N,"Arlington, TX",-,24837
2012,2,25,09/24/2011,31,H,,-,6837
2012,2,1446,10/01/2011,51,H,,-,5233
2012,2,206,10/08/2011,36,A,,-,4297
2012,2,767,10/15/2011,28,H,,-,10246
2012,2,1222,10/22/2011,28,A,,-,9821
2012,2,199,10/29/2011,40,H,,-,7524
2012,2,696,11/05/2011,42,A,,-,6500
2012,2,2743,11/12/2011,61,H,,-,5115
2012,2,2814,11/19/2011,49,A,,-,4410
2013,2,8530,09/01/2012,51,H,,-,11337
2013,2,696,09/08/2012,13,H,,-,7435
2013,2,1395,09/15/2012,34,N,"Arlington, TX",-,19134
2013,2,25,09/22/2012,23,A,,-,7320
2013,2,181,09/27/2012,34,A,,-,5123
2013,2,206,10/06/2012,59,H,,-,3576
2013,2,767,10/13/2012,0,A,,-,13019
2013,2,1222,10/20/2012,31,H,,-,7212
2013,2,199,10/27/2012,24,A,,-,5224
2013,2,358,11/03/2012,22,H,,-,3517
2013,2,2743,11/10/2012,24,A,,-,2649
2014,2,Concordia-Selma,08/31/2013,84,H,,-,6031
2014,2,8530,09/07/2013,60,H,,-,7091
2014,2,8577,09/14/2013,52,H,,-,7114
2014,2,299,09/21/2013,17,A,,-,11029
2014,2,1395,09/28/2013,34,N,"Frisco, TX",1 OT,5500
2014,2,1314,10/05/2013,20,A,,-,10981
2014,2,287,10/12/2013,69,A,,-,3935
2014,2,2743,10/19/2013,40,H,,-,8119
2014,2,472,10/26/2013,29,A,,-,15628
2014,2,2743,11/09/2013,31,A,,-,3517
2014,2,553,11/16/2013,65,A,,-,3156
2015,2,254,08/27/2014,37,A,,-,10140
2015,2,501,09/06/2014,21,H,,-,10500
2015,2,716,09/13/2014,38,A,,-,17320
2015,2,2743,09/20/2014,21,H,,-,6674
2015,2,287,09/27/2014,59,A,,-,3823
2015,2,346,10/04/2014,21,H,,-,8913
2015,2,Ave Maria,10/11/2014,55,H,,-,8117
2015,2,402,10/18/2014,20,A,,-,14464
2015,2,624,10/25/2014,21,A,,-,7073
2015,2,1004,11/01/2014,52,N,"Plano, Texas",-,8435
2015,2,508,11/08/2014,10,H,,-,4800
2015,2,676,11/15/2014,37,A,,-,5581
2016,2,96,09/03/2015,13,A,,-,32547
2016,2,287,09/19/2015,49,H,,-,7327
2016,2,676,09/26/2015,35,H,,-,3529
2016,2,1004,10/03/2015,14,A,,-,9427
2016,2,346,10/10/2015,28,A,,-,13136
2016,2,624,10/17/2015,21,H,,-,8763
2016,2,2743,10/25/2015,20,A,,-,3175
2016,2,402,10/31/2015,13,H,,-,3567
2016,2,508,11/07/2015,22,A,,-,5377
2016,2,655,11/14/2015,21,H,,-,2500
2016,2,502,11/21/2015,36,A,,-,3387
2017,2,721,09/03/2016,21,A,,-,34128
2017,2,502,09/10/2016,52,H,,-,8348
2017,2,287,09/17/2016,24,A,,1 OT,2877
2017,2,676,09/24/2016,30,A,,-,13016
2017,2,1004,10/01/2016,27,H,,-,4215
2017,2,346,10/08/2016,10,H,,-,6232
2017,2,624,10/15/2016,21,A,,-,8314
2017,2,2743,10/22/2016,52,H,,-,8957
2017,2,402,10/29/2016,14,A,,-,11228
2017,2,508,11/05/2016,25,H,,-,3957
2017,2,655,11/12/2016,19,A,,-,4331
2009,4,117,09/06/2008,14,A,,-,1800
2009,4,1050,09/13/2008,20,H,,-,1250
2009,4,987,09/20/2008,34,H,,-,1833
2009,4,2746,09/27/2008,37,A,,-,968
2009,4,326,10/04/2008,42,H,,-,3304
2009,4,15,10/18/2008,28,A,,-,2237
2009,4,286,10/25/2008,39,H,,-,1690
2009,4,21,11/01/2008,45,A,,-,1193
2009,4,30037,11/08/2008,0,H,,-,3044
2009,4,525,11/15/2008,19,A,,-,555
2010,4,117,09/05/2009,21,H,,-,2399
2010,4,1050,09/12/2009,31,A,,-,1507
2010,4,987,09/19/2009,41,A,,-,500
2010,4,2746,09/26/2009,28,H,,1 OT,3264
2010,4,326,10/03/2009,62,A,,-,535
2010,4,15,10/17/2009,16,H,,-,1218
2010,4,286,10/24/2009,7,A,,-,1025
2010,4,21,10/31/2009,7,H,,-,1270
2010,4,30037,11/07/2009,16,A,,-,3516
2010,4,525,11/14/2009,45,H,,-,1930
2011,4,805,09/04/2010,0,A,,-,6041
2011,4,1050,09/11/2010,40,H,,-,2340
2011,4,Augustana (IL),09/18/2010,7,H,,-,1955
2011,4,30037,10/02/2010,16,H,,-,2705
2011,4,525,10/09/2010,41,A,,-,1395
2011,4,177,10/16/2010,19,A,,-,600
2011,4,326,10/23/2010,58,H,,-,1800
2011,4,15,10/30/2010,21,A,,-,3007
2011,4,286,11/06/2010,33,H,,-,1800
2011,4,21,11/13/2010,24,A,,-,1040
2012,4,1133,09/02/2011,77,A,,-,800
2012,4,1050,09/10/2011,27,A,,-,1180
2012,4,Augustana (IL),09/17/2011,17,A,,-,953
2012,4,160,09/24/2011,19,H,,-,4200
2012,4,30037,10/01/2011,26,A,,-,5608
2012,4,525,10/08/2011,56,H,,-,3205
2012,4,326,10/22/2011,52,A,,-,1371
2012,4,15,10/29/2011,14,H,,-,2640
2012,4,286,11/05/2011,21,A,,-,3050
2012,4,21,11/12/2011,16,H,,-,2100
2013,4,121,09/01/2012,17,H,,-,1827
2013,4,1050,09/08/2012,23,H,,-,1716
2013,4,8911,09/15/2012,31,A,,-,850
2013,4,286,09/29/2012,24,H,,-,3112
2013,4,21,10/06/2012,27,A,,-,2271
2013,4,30037,10/13/2012,10,H,,-,1497
2013,4,525,10/20/2012,28,A,,-,1050
2013,4,326,10/27/2012,38,H,,-,2501
2013,4,15,11/03/2012,20,A,,-,2334
2013,4,1130,11/10/2012,17,A,,-,2167
2013,4,2694,11/17/2012,10,H,,-,1475
2014,4,Pacific (OR),09/06/2013,10,H,,-,1205
2014,4,1050,09/14/2013,14,A,,-,2346
2014,4,160,09/21/2013,48,H,,-,2990
2014,4,121,09/28/2013,28,A,,-,1325
2014,4,286,10/05/2013,17,A,,-,2006
2014,4,21,10/12/2013,41,H,,-,1479
2014,4,30037,10/19/2013,14,A,,-,2350
2014,4,525,10/26/2013,17,H,,-,1405
2014,4,326,11/02/2013,10,A,,-,637
2014,4,15,11/09/2013,0,H,,-,1455
2015,4,1050,09/06/2014,35,A,,-,1059
2015,4,121,09/13/2014,40,H,,-,1900
2015,4,Benedictine (IL),09/20/2014,23,A,,-,1181
2015,4,525,10/04/2014,21,H,,-,1600
2015,4,21,10/11/2014,31,A,,-,2079
2015,4,15,10/18/2014,47,H,,-,1300
2015,4,8911,10/25/2014,7,H,,-,1045
2015,4,286,11/01/2014,27,H,,-,1615
2015,4,326,11/08/2014,35,A,,-,477
2015,4,30037,11/15/2014,40,A,,-,4871
2015,4,452,11/22/2014,3,A,,-,1443
2016,4,1050,09/05/2015,31,H,,-,2899
2016,4,Wheaton (IL),09/12/2015,0,A,,-,2882
2016,4,Benedictine (IL),09/19/2015,36,H,,-,2750
2016,4,525,10/03/2015,7,A,,-,3647
2016,4,21,10/10/2015,50,H,,-,1499
2016,4,15,10/17/2015,25,A,,-,3123
2016,4,8911,10/24/2015,30,A,,-,400
2016,4,286,10/31/2015,14,A,,-,874
2016,4,326,11/07/2015,20,H,,-,1401
2016,4,30037,11/14/2015,38,H,,-,2501
2017,4,Pacific (OR),09/02/2016,30,A,,-,1950
2017,4,Benedictine (IL),09/17/2016,28,A,,-,1479
2017,4,802,09/24/2016,19,H,,-,3639
2017,4,15,10/01/2016,28,A,,-,2113
2017,4,1164,10/08/2016,28,H,,-,1108
2017,4,286,10/15/2016,7,H,,-,1646
2017,4,326,10/22/2016,31,H,,-,1022
2017,4,30037,10/29/2016,13,A,,-,3885
2017,4,525,11/05/2016,37,H,,-,2775
2017,4,21,11/12/2016,27,A,,-,1507
2009,5,796,08/30/2008,17,A,,-,80910
2009,5,688,09/06/2008,42,A,,-,31808
2009,5,47,09/13/2008,24,H,,-,9013
2009,5,725,09/20/2008,22,A,,-,27040
2009,5,140,09/27/2008,15,H,,-,16927
2009,5,331,10/04/2008,30,A,,-,18536
2009,5,71,10/11/2008,33,H,,-,17119
2009,5,204,10/18/2008,42,A,,-,17055
2009,5,709,11/05/2008,47,H,,-,10134
2009,5,86,11/13/2008,40,H,,-,18516
2009,5,519,11/22/2008,42,A,,-,13114
2009,5,690,11/28/2008,6,A,,-,11234
2010,5,539,09/05/2009,7,A,,-,104968
2010,5,446,09/12/2009,41,H,,-,27881
2010,5,306,09/19/2009,21,H,,-,18340
2010,5,129,09/26/2009,21,A,,-,20032
2010,5,519,10/10/2009,7,H,,-,16381
2010,5,86,10/17/2009,17,A,,-,13750
2010,5,688,10/24/2009,14,A,,-,36991
2010,5,503,10/31/2009,10,A,,-,10148
2010,5,331,11/07/2009,28,H,,-,20802
2010,5,690,11/13/2009,17,H,,-,10927
2010,5,71,11/20/2009,20,A,,-,9163
2010,5,204,11/27/2009,28,H,,-,9962
2011,5,688,09/04/2010,3,H,,-,15969
2011,5,1092,09/11/2010,37,H,,2 OT,10046
2011,5,334,09/18/2010,10,A,,-,64014
2011,5,306,09/25/2010,20,A,,-,42258
2011,5,503,10/02/2010,14,H,,-,12133
2011,5,331,10/09/2010,17,A,,-,24221
2011,5,519,10/16/2010,10,A,,-,21645
2011,5,774,10/23/2010,10,H,,-,10073
2011,5,690,10/30/2010,0,A,,-,17563
2011,5,47,11/06/2010,30,A,,2 OT,5377
2011,5,Miami (OH),11/17/2010,14,H,,-,7671
2011,5,86,11/26/2010,22,H,,-,5216
2012,5,518,09/03/2011,0,A,,-,105001
2012,5,690,09/10/2011,3,H,,-,15156
2012,5,140,09/17/2011,14,A,,-,24991
2012,5,741,09/24/2011,36,H,,-,14257
2012,5,204,10/01/2011,23,A,,-,3375
2012,5,231,10/08/2011,17,H,,-,16016
2012,5,519,10/22/2011,20,H,,-,14760
2012,5,129,10/29/2011,22,H,,-,14327
2012,5,Miami (OH),11/03/2011,3,A,,-,12968
2012,5,331,11/12/2011,3,H,,-,19889
2012,5,86,11/19/2011,10,A,,-,16308
2012,5,774,11/25/2011,19,A,,-,16582
2013,5,128,08/30/2012,14,H,,-,12616
2013,5,231,09/08/2012,38,A,,-,15685
2013,5,446,09/15/2012,66,H,,-,9933
2013,5,694,09/22/2012,26,A,,-,81719
2013,5,Miami (OH),09/29/2012,49,H,,-,8211
2013,5,71,10/06/2012,10,H,,-,10102
2013,5,519,10/13/2012,28,A,,-,25542
2013,5,503,10/20/2012,7,H,,-,7074
2013,5,129,10/27/2012,14,A,,-,10172
2013,5,331,11/03/2012,24,A,,-,18265
2013,5,400,11/10/2012,14,H,,-,7716
2013,5,709,11/20/2012,23,A,,-,14589
2014,5,128,08/29/2013,7,A,,-,35115
2014,5,317,09/07/2013,35,H,,-,19653
2014,5,418,09/14/2013,24,A,,-,107120
2014,5,671,09/21/2013,30,H,,-,18809
2014,5,71,09/28/2013,14,A,,-,13262
2014,5,519,10/05/2013,3,H,,-,19775
2014,5,503,10/12/2013,20,A,,-,23595
2014,5,Miami (OH),10/19/2013,24,A,,-,15164
2014,5,47,10/26/2013,24,H,,-,16119
2014,5,331,11/02/2013,16,H,,-,20239
2014,5,400,11/16/2013,14,A,,-,10599
2014,5,709,11/29/2013,31,H,,-,12506
2015,5,290,08/28/2014,41,H,,-,9104
2015,5,539,09/06/2014,3,A,,-,97354
2015,5,388,09/20/2014,17,H,,-,13357
2015,5,545,09/27/2014,21,A,,-,40059
2015,5,204,10/04/2014,31,H,,-,8416
2015,5,Miami (OH),10/11/2014,29,H,,-,8223
2015,5,519,10/18/2014,20,A,,-,20018
2015,5,47,10/25/2014,21,A,,-,7617
2015,5,71,11/04/2014,10,H,,-,10348
2015,5,86,11/11/2014,24,A,,-,17343
2015,5,400,11/18/2014,30,H,,-,5571
2015,5,331,11/28/2014,24,A,,-,5118
2016,5,522,09/05/2015,3,A,,-,85370
2016,5,545,09/12/2015,7,H,,-,23425
2016,5,632,09/19/2015,52,H,,-,16763
2016,5,671,09/26/2015,35,A,,-,24679
2016,5,519,10/03/2015,12,H,,-,17301
2016,5,204,10/10/2015,47,A,,-,5638
2016,5,71,10/17/2015,10,A,,-,20021
2016,5,129,10/31/2015,6,H,,-,18981
2016,5,400,11/07/2015,17,A,,-,6228
2016,5,Miami (OH),11/14/2015,37,A,,-,15629
2016,5,86,11/21/2015,42,H,,-,15727
2016,5,331,11/27/2015,20,H,,-,16391
2016,5,731,12/22/2015,23,N,"Boise, Idaho",-,18876
2017,5,741,09/03/2016,47,H,,-,11061
2017,5,796,09/10/2016,10,A,,-,77331
2017,5,388,09/17/2016,65,A,,-,24258
2017,5,27,09/24/2016,38,H,,-,15381
2017,5,331,10/01/2016,31,A,,-,20167
2017,5,Miami (OH),10/08/2016,35,H,,-,11094
2017,5,774,10/15/2016,0,H,,-,11321
2017,5,47,10/22/2016,35,A,,-,10739
2017,5,86,10/27/2016,20,A,,-,15012
2017,5,709,11/02/2016,17,H,,-,6559
2017,5,71,11/09/2016,28,H,,-,6605
2017,5,519,11/22/2016,3,A,,-,18025
2009,6,691,08/30/2008,13,H,,-,10072
2009,6,315,09/06/2008,18,A,,-,16654
2009,6,498,09/12/2008,15,A,,-,9717
2009,6,Central St. (OH),09/20/2008,37,H,,-,3256
2009,6,2678,09/27/2008,23,A,,-,8513
2009,6,720,10/04/2008,24,N,"Indianapolis, IN",-,47273
2009,6,261,10/11/2008,9,H,,-,15170
2009,6,17,10/18/2008,20,H,,-,2917
2009,6,7,10/25/2008,17,N,"Birmingham, AL",-,69113
2009,6,553,11/08/2008,10,H,,-,3810
2009,6,314,11/15/2008,21,A,,-,9046
2009,6,432,11/22/2008,58,A,,-,789
2010,6,691,09/05/2009,24,A,,-,23871
2010,6,270,09/12/2009,31,H,,-,6377
2010,6,315,09/19/2009,13,H,,-,2906
2010,6,2678,09/26/2009,28,H,,-,4414
2010,6,720,10/03/2009,35,N,"Indianapolis, IN",-,35289
2010,6,261,10/10/2009,20,A,,-,4273
2010,6,17,10/17/2009,16,A,,-,10500
2010,6,7,10/31/2009,21,N,"Birmingham, AL",-,55322
2010,6,553,11/07/2009,27,A,,-,4876
2010,6,314,11/14/2009,13,H,,-,5402
2010,6,432,11/21/2009,17,H,,-,2776
2010,6,553,12/12/2009,24,N,"Birmingham, AL",-,20218
2011,6,691,09/04/2010,14,A,,-,22607
2011,6,Central St. (OH),09/11/2010,45,H,,-,5586
2011,6,699,09/18/2010,9,A,,-,6327
2011,6,665,09/25/2010,34,H,,-,6218
2011,6,261,10/02/2010,22,H,,-,12328
2011,6,314,10/09/2010,14,A,,-,24269
2011,6,2678,10/16/2010,14,A,,-,11805
2011,6,7,10/30/2010,10,N,"Birmingham, AL",-,61879
2011,6,17,11/06/2010,24,H,,-,4181
2011,6,432,11/13/2010,21,A,"Greenville, MS",-,2398
2011,6,553,11/20/2010,14,H,,-,3967
2012,6,270,09/03/2011,20,N,"Chicago, IL",-,35653
2012,6,665,09/10/2011,6,A,,-,9020
2012,6,720,09/17/2011,21,H,,-,18629
2012,6,261,09/24/2011,20,A,,-,7118
2012,6,2678,10/01/2011,28,H,,-,5136
2012,6,432,10/08/2011,37,H,,-,16827
2012,6,699,10/13/2011,24,H,,-,5386
2012,6,7,10/29/2011,20,N,"Birmingham, AL",-,66473
2012,6,17,11/05/2011,28,A,,-,2500
2012,6,314,11/12/2011,6,H,,-,5831
2012,6,553,11/19/2011,17,A,,-,10500
2012,6,261,12/10/2011,15,N,"Birmingham, AL",-,23476
2013,6,720,09/01/2012,7,N,"Birmingham, AL",-,21400
2013,6,2678,09/08/2012,14,A,,-,11300
2013,6,553,09/15/2012,42,H,,-,5325
2013,6,699,09/22/2012,42,A,,-,4484
2013,6,261,09/29/2012,38,H,,-,6823
2013,6,432,10/06/2012,35,A,,-,4296
2013,6,17,10/13/2012,20,H,,-,16781
2013,6,7,10/27/2012,13,N,"Birmingham, AL",-,58201
2013,6,665,11/03/2012,24,H,,-,10208
2013,6,314,11/10/2012,21,A,,-,8445
2013,6,37,11/17/2012,7,A,,-,74832
2014,6,261,08/31/2013,23,A,,-,7648
2014,6,720,09/07/2013,7,H,,-,13267
2014,6,647,09/14/2013,0,A,,-,11146
2014,6,553,09/21/2013,26,A,,-,4712
2014,6,699,09/28/2013,12,H,,-,7267
2014,6,432,10/05/2013,9,H,,-,12873
2014,6,665,10/12/2013,17,A,,1 OT,15815
2014,6,7,10/26/2013,7,N,"Birmingham, Ala.",-,63113
2014,6,17,11/02/2013,19,A,,-,7037
2014,6,314,11/09/2013,20,H,,-,7365
2014,6,2678,11/16/2013,50,H,,-,7783
2014,6,255,11/23/2013,7,A,,-,45194
2015,6,488,08/31/2014,13,N,"Orlando, FL",-,8210
2015,6,720,09/06/2014,30,A,,-,5378
2015,6,9,09/13/2014,14,A,,-,29604
2015,6,699,09/20/2014,23,A,,-,2146
2015,6,432,09/27/2014,42,A,,-,3287
2015,6,261,10/04/2014,28,H,,-,21254
2015,6,665,10/11/2014,34,H,,-,5336
2015,6,7,10/25/2014,37,N,"Birmingham, Ala",-,67710
2015,6,314,11/01/2014,25,A,,-,4327
2015,6,17,11/08/2014,14,H,,-,4050
2015,6,553,11/15/2014,35,H,,-,3300
2015,6,2678,11/22/2014,19,A,,-,2989
2016,6,140,09/05/2015,10,A,,-,39095
2016,6,553,09/19/2015,49,A,,-,5042
2016,6,2678,09/26/2015,28,H,,-,13674
2016,6,149,10/03/2015,0,A,,-,9093
2016,6,261,10/10/2015,14,A,,-,8942
2016,6,314,10/17/2015,28,H,,-,10019
2016,6,7,10/31/2015,20,N,"Birmingham, AL",-,63874
2016,6,432,11/07/2015,24,H,,1 OT,2478
2016,6,665,11/14/2015,7,A,,-,11821
2016,6,17,11/21/2015,10,A,,-,12940
2016,6,699,11/28/2015,38,H,,-,1200
2017,6,419,09/03/2016,0,A,,-,19967
2017,6,432,09/10/2016,35,A,,-,2036
2017,6,553,09/17/2016,20,H,,-,4226
2017,6,665,09/24/2016,31,H,,-,4364
2017,6,699,10/01/2016,31,A,,-,4282
2017,6,17,10/08/2016,19,H,,-,14267
2017,6,2678,10/15/2016,40,A,,-,10501
2017,6,7,10/29/2016,42,N,"Birmingham, AL",1 OT,70813
2017,6,261,11/05/2016,17,H,,-,6278
2017,6,314,11/12/2016,27,A,,-,6960
2017,6,37,11/19/2016,0,A,,-,87451
2009,7,228,08/30/2008,20,A,,-,18088
2009,7,61,09/06/2008,7,A,,-,8172
2009,7,9,09/20/2008,10,A,,-,26414
2009,7,432,09/25/2008,47,H,,-,7782
2009,7,553,10/11/2008,6,A,,-,9257
2009,7,261,10/18/2008,7,A,,-,16974
2009,7,6,10/25/2008,16,N,"Birmingham, AL",-,69113
2009,7,17,11/01/2008,24,A,,-,2500
2009,7,314,11/08/2008,0,H,,-,17305
2009,7,665,11/15/2008,0,N,"Mobile, AL",-,25387
2009,7,720,11/27/2008,17,H,,-,20567
2010,7,Concordia-Selma,09/05/2009,38,H,,-,4855
2010,7,632,09/12/2009,20,A,,-,5947
2010,7,Edward Waters,09/19/2009,38,H,,-,3951
2010,7,432,09/26/2009,3,N,"Chicago, IL",-,42600
2010,7,553,10/10/2009,10,H,,-,1236
2010,7,261,10/17/2009,12,H,,-,7854
2010,7,17,10/24/2009,24,H,,-,2631
2010,7,6,10/31/2009,7,N,"Birmingham, AL",-,55322
2010,7,314,11/07/2009,7,A,,-,18510
2010,7,665,11/14/2009,24,N,"Mobile, AL",-,8459
2010,7,720,11/26/2009,0,H,,-,15632
2011,7,432,09/04/2010,34,H,,-,9382
2011,7,2678,09/11/2010,38,H,,-,14199
2011,7,553,09/18/2010,18,A,,-,4212
2011,7,17,09/25/2010,21,A,,-,2584
2011,7,699,10/02/2010,7,H,,-,12182
2011,7,261,10/09/2010,7,A,,-,4360
2011,7,632,10/23/2010,24,H,,-,5237
2011,7,6,10/30/2010,31,N,"Birmingham, AL",-,61879
2011,7,314,11/06/2010,32,H,,-,8179
2011,7,665,11/13/2010,21,A,,-,8482
2011,7,720,11/25/2010,10,H,,-,17882
2011,7,699,12/11/2010,6,N,"Birmingham, AL",-,22350
2012,7,432,09/03/2011,41,A,,-,3780
2012,7,204,09/10/2011,7,A,,-,4771
2012,7,261,09/17/2011,31,H,,-,11563
2012,7,314,09/24/2011,21,A,,-,16286
2012,7,17,10/01/2011,31,H,,-,9686
2012,7,699,10/08/2011,43,A,,-,3851
2012,7,553,10/15/2011,20,H,,-,12564
2012,7,6,10/29/2011,19,N,"Birmingham, AL",-,66473
2012,7,2678,11/05/2011,28,A,,-,13473
2012,7,665,11/12/2011,23,H,,-,8255
2012,7,720,11/24/2011,30,H,,-,18587
2013,7,61,09/02/2012,28,N,"Orlando, FL",-,17410
2013,7,432,09/08/2012,29,H,,-,11804
2013,7,261,09/15/2012,19,A,,-,8062
2013,7,2678,09/20/2012,21,H,,-,18110
2013,7,17,09/29/2012,54,A,,-,946
2013,7,699,10/06/2012,45,H,,-,10000
2013,7,314,10/13/2012,34,H,,-,10154
2013,7,6,10/27/2012,31,N,"Birmingham, AL",-,58201
2013,7,553,11/03/2012,35,A,,-,2348
2013,7,665,11/10/2012,31,A,,-,14220
2013,7,720,11/22/2012,25,H,,-,27500
2014,7,315,08/31/2013,22,H,,-,20703
2014,7,314,09/07/2013,23,A,,-,22003
2014,7,2678,09/14/2013,40,A,,-,6213
2014,7,261,09/21/2013,52,H,,-,11751
2014,7,17,09/28/2013,49,H,,-,12503
2014,7,699,10/05/2013,34,A,,-,2186
2014,7,553,10/12/2013,48,H,,1 OT,11825
2014,7,6,10/26/2013,31,N,"Birmingham, Ala.",-,63113
2014,7,334,11/02/2013,14,A,,-,53797
2014,7,665,11/09/2013,28,H,,-,15143
2014,7,432,11/16/2013,19,A,,-,1873
2014,7,680,11/28/2013,41,H,,-,14396
2015,7,624,08/30/2014,20,A,,-,7595
2015,7,691,09/06/2014,27,H,,-,15725
2015,7,432,09/13/2014,47,H,,-,13825
2015,7,2678,09/18/2014,42,H,,-,7902
2015,7,699,09/27/2014,38,H,,-,8014
2015,7,17,10/02/2014,7,A,,-,5797
2015,7,553,10/11/2014,24,A,,-,6257
2015,7,6,10/25/2014,36,N,"Birmingham, Ala",-,67710
2015,7,665,11/01/2014,21,A,,-,15400
2015,7,314,11/08/2014,26,H,,-,17560
2015,7,261,11/15/2014,37,A,,-,7000
2015,7,680,11/22/2014,30,H,,-,13156
2016,7,691,09/06/2015,14,A,,-,22455
2016,7,17,09/12/2015,14,H,,-,8380
2016,7,261,09/19/2015,10,H,,-,10277
2016,7,432,09/26/2015,45,A,,-,4026
2016,7,699,10/01/2015,41,A,,-,2827
2016,7,665,10/10/2015,34,H,,-,11580
2016,7,2678,10/15/2015,31,A,,-,3783
2016,7,6,10/31/2015,35,N,"Birmingham, AL",-,63874
2016,7,314,11/07/2015,17,A,,-,1649
2016,7,553,11/14/2015,13,H,,-,6011
2016,7,422,11/21/2015,26,H,,-,15201
2017,7,706,09/03/2016,13,A,,-,22380
2017,7,17,09/10/2016,18,A,,-,9734
2017,7,665,09/17/2016,6,A,,-,14199
2017,7,699,09/24/2016,27,H,,-,5860
2017,7,2678,10/01/2016,41,H,,-,4493
2017,7,553,10/08/2016,17,A,,1 OT,15050
2017,7,432,10/15/2016,56,H,,-,1526
2017,7,6,10/29/2016,41,N,"Birmingham, AL",1 OT,70813
2017,7,314,11/05/2016,14,H,,-,7823
2017,7,261,11/12/2016,0,N,"Shreveport, La.",-,15043
2017,7,422,11/24/2016,53,H,,-,18972
2009,8,147,08/30/2008,34,N,"Atlanta, GA",-,70097
2009,8,718,09/06/2008,20,H,,-,92138
2009,8,772,09/13/2008,41,H,,-,92138
2009,8,31,09/20/2008,49,A,,-,72315
2009,8,257,09/27/2008,41,A,,-,92746
2009,8,334,10/04/2008,17,H,,-,92138
2009,8,433,10/18/2008,24,H,,-,92138
2009,8,694,10/25/2008,29,A,,-,106138
2009,8,30,11/01/2008,35,H,,-,92138
2009,8,365,11/08/2008,27,A,,-,93039
2009,8,430,11/15/2008,32,H,,-,92138
2009,8,37,11/29/2008,36,H,,-,92138
2009,8,235,12/06/2008,20,N,"Atlanta, GA",-,75892
2009,8,732,01/02/2009,17,N,"New Orleans, LA",-,71872
2010,8,742,09/05/2009,34,N,"Atlanta, GA",-,74954
2010,8,231,09/12/2009,40,H,,-,92012
2010,8,497,09/19/2009,53,H,,-,92012
2010,8,31,09/26/2009,35,H,,-,92012
2010,8,334,10/03/2009,38,A,,-,70967
2010,8,433,10/10/2009,22,A,,-,62657
2010,8,648,10/17/2009,20,H,,-,92012
2010,8,694,10/24/2009,12,H,,-,92012
2010,8,365,11/07/2009,24,H,,-,92012
2010,8,430,11/14/2009,31,A,,-,58103
2010,8,693,11/21/2009,45,H,,-,92012
2010,8,37,11/27/2009,26,A,,-,87451
2010,8,235,12/05/2009,32,N,"Atlanta, GA",-,75514
2010,8,703,01/07/2010,37,N,"Pasadena, CA",-,94906
2011,8,630,09/04/2010,48,H,,-,101821
2011,8,539,09/11/2010,24,H,,-,101821
2011,8,193,09/18/2010,62,A,,-,39042
2011,8,31,09/25/2010,24,A,,-,76808
2011,8,235,10/02/2010,31,H,,-,101821
2011,8,648,10/09/2010,21,A,,-,82993
2011,8,433,10/16/2010,23,H,,-,101821
2011,8,694,10/23/2010,41,A,,-,102455
2011,8,365,11/06/2010,21,A,,-,92969
2011,8,430,11/13/2010,30,H,,-,101821
2011,8,254,11/18/2010,63,H,,-,101821
2011,8,37,11/26/2010,27,H,,-,101821
2011,8,416,01/01/2011,49,N,"Orlando, FL",-,61519
2012,8,331,09/03/2011,48,H,,-,101821
2012,8,539,09/10/2011,27,A,,-,107846
2012,8,497,09/17/2011,41,H,,-,101821
2012,8,31,09/24/2011,38,H,,-,101821
2012,8,235,10/01/2011,38,A,,-,90888
2012,8,736,10/08/2011,34,H,,-,101821
2012,8,433,10/15/2011,52,A,,-,61792
2012,8,694,10/22/2011,37,H,,-,101821
2012,8,365,11/05/2011,6,H,,-,101821
2012,8,430,11/12/2011,24,A,,-,57871
2012,8,253,11/19/2011,45,H,,-,101821
2012,8,37,11/26/2011,42,A,,-,87451
2012,8,365,01/09/2012,21,N,"New Orleans, LA",-,78237
2013,8,418,09/01/2012,41,N,"Arlington, TX",-,90413
2013,8,772,09/08/2012,35,H,,-,101821
2013,8,31,09/15/2012,52,A,,-,74617
2013,8,229,09/22/2012,40,H,,-,101821
2013,8,433,09/29/2012,33,H,,-,101821
2013,8,434,10/13/2012,42,A,,-,71004
2013,8,694,10/20/2012,44,A,,-,102455
2013,8,430,10/27/2012,38,H,,-,101821
2013,8,365,11/03/2012,21,A,,-,93374
2013,8,697,11/10/2012,24,H,,-,101821
2013,8,769,11/17/2012,49,H,,-,101126
2013,8,37,11/24/2012,49,H,,-,101821
2013,8,257,12/01/2012,32,N,"Atlanta, GA",-,75624
2013,8,513,01/07/2013,42,N,"Miami Gardens, FL",-,80120
2014,8,742,08/31/2013,35,N,"Atlanta, GA",-,73114
2014,8,697,09/14/2013,49,A,,-,87596
2014,8,156,09/21/2013,31,H,,-,101821
2014,8,433,09/28/2013,25,H,,-,101821
2014,8,254,10/05/2013,45,H,,-,101254
2014,8,334,10/12/2013,48,A,,-,69873
2014,8,31,10/19/2013,52,H,,-,101821
2014,8,694,10/26/2013,45,H,,-,101821
2014,8,365,11/09/2013,38,H,,-,101821
2014,8,430,11/16/2013,20,A,,-,57211
2014,8,693,11/23/2013,49,H,,-,100179
2014,8,37,11/30/2013,28,A,,-,87451
2014,8,522,01/02/2014,31,N,"New Orleans, LA",-,70473
